Date,HomeTeam,AwayTeam,FTHG,FTAG,FTR
11/08/2017,Arsenal,Leicester,4,3,H
12/08/2017,Brighton,Man City,0,2,A
12/08/2017,Chelsea,Burnley,2,3,A
12/08/2017,Crystal Palace,Huddersfield,0,3,A
12/08/2017,Everton,Stoke,1,0,H
12/08/2017,Southampton,Swansea,0,0,D
12/08/2017,Watford,Liverpool,3,3,D
12/08/2017,West Brom,Bournemouth,1,0,H
13/08/2017,Man United,West Ham,4,0,H
13/08/2017,Newcastle,Tottenham,0,2,A
19/08/2017,Bournemouth,Watford,0,2,A
19/08/2017,Burnley,West Brom,0,1,A
19/08/2017,Leicester,Brighton,2,0,H
19/08/2017,Liverpool,Crystal Palace,1,0,H
19/08/2017,Southampton,West Ham,3,2,H
19/08/2017,Stoke,Arsenal,1,0,H
19/08/2017,Swansea,Man United,0,4,A
20/08/2017,Huddersfield,Newcastle,1,0,H
20/08/2017,Tottenham,Chelsea,1,2,A
21/08/2017,Man City,Everton,1,1,D
26/08/2017,Bournemouth,Man City,1,2,A
26/08/2017,Crystal Palace,Swansea,0,2,A
26/08/2017,Huddersfield,Southampton,0,0,D
26/08/2017,Man United,Leicester,2,0,H
26/08/2017,Newcastle,West Ham,3,0,H
26/08/2017,Watford,Brighton,0,0,D
27/08/2017,Chelsea,Everton,2,0,H
27/08/2017,Liverpool,Arsenal,4,0,H
27/08/2017,Tottenham,Burnley,1,1,D
27/08/2017,West Brom,Stoke,1,1,D
09/09/2017,Arsenal,Bournemouth,3,0,H
09/09/2017,Brighton,West Brom,3,1,H
09/09/2017,Everton,Tottenham,0,3,A
09/09/2017,Leicester,Chelsea,1,2,A
09/09/2017,Man City,Liverpool,5,0,H
09/09/2017,Southampton,Watford,0,2,A
09/09/2017,Stoke,Man United,2,2,D
10/09/2017,Burnley,Crystal Palace,1,0,H
10/09/2017,Swansea,Newcastle,0,1,A
11/09/2017,West Ham,Huddersfield,2,0,H
15/09/2017,Bournemouth,Brighton,2,1,H
16/09/2017,Crystal Palace,Southampton,0,1,A
16/09/2017,Huddersfield,Leicester,1,1,D
16/09/2017,Liverpool,Burnley,1,1,D
16/09/2017,Newcastle,Stoke,2,1,H
16/09/2017,Tottenham,Swansea,0,0,D
16/09/2017,Watford,Man City,0,6,A
16/09/2017,West Brom,West Ham,0,0,D
17/09/2017,Chelsea,Arsenal,0,0,D
17/09/2017,Man United,Everton,4,0,H
23/09/2017,Burnley,Huddersfield,0,0,D
23/09/2017,Everton,Bournemouth,2,1,H
23/09/2017,Leicester,Liverpool,2,3,A
23/09/2017,Man City,Crystal Palace,5,0,H
23/09/2017,Southampton,Man United,0,1,A
23/09/2017,Stoke,Chelsea,0,4,A
23/09/2017,Swansea,Watford,1,2,A
23/09/2017,West Ham,Tottenham,2,3,A
24/09/2017,Brighton,Newcastle,1,0,H
25/09/2017,Arsenal,West Brom,2,0,H
30/09/2017,Bournemouth,Leicester,0,0,D
30/09/2017,Chelsea,Man City,0,1,A
30/09/2017,Huddersfield,Tottenham,0,4,A
30/09/2017,Man United,Crystal Palace,4,0,H
30/09/2017,Stoke,Southampton,2,1,H
30/09/2017,West Brom,Watford,2,2,D
30/09/2017,West Ham,Swansea,1,0,H
01/10/2017,Arsenal,Brighton,2,0,H
01/10/2017,Everton,Burnley,0,1,A
01/10/2017,Newcastle,Liverpool,1,1,D
14/10/2017,Burnley,West Ham,1,1,D
14/10/2017,Crystal Palace,Chelsea,2,1,H
14/10/2017,Liverpool,Man United,0,0,D
14/10/2017,Man City,Stoke,7,2,H
14/10/2017,Swansea,Huddersfield,2,0,H
14/10/2017,Tottenham,Bournemouth,1,0,H
14/10/2017,Watford,Arsenal,2,1,H
15/10/2017,Brighton,Everton,1,1,D
15/10/2017,Southampton,Newcastle,2,2,D
16/10/2017,Leicester,West Brom,1,1,D
20/10/2017,West Ham,Brighton,0,3,A
21/10/2017,Chelsea,Watford,4,2,H
21/10/2017,Huddersfield,Man United,2,1,H
21/10/2017,Man City,Burnley,3,0,H
21/10/2017,Newcastle,Crystal Palace,1,0,H
21/10/2017,Southampton,West Brom,1,0,H
21/10/2017,Stoke,Bournemouth,1,2,A
21/10/2017,Swansea,Leicester,1,2,A
22/10/2017,Everton,Arsenal,2,5,A
22/10/2017,Tottenham,Liverpool,4,1,H
28/10/2017,Arsenal,Swansea,2,1,H
28/10/2017,Bournemouth,Chelsea,0,1,A
28/10/2017,Crystal Palace,West Ham,2,2,D
28/10/2017,Liverpool,Huddersfield,3,0,H
28/10/2017,Man United,Tottenham,1,0,H
28/10/2017,Watford,Stoke,0,1,A
28/10/2017,West Brom,Man City,2,3,A
29/10/2017,Brighton,Southampton,1,1,D
29/10/2017,Leicester,Everton,2,0,H
30/10/2017,Burnley,Newcastle,1,0,H
04/11/2017,Huddersfield,West Brom,1,0,H
04/11/2017,Newcastle,Bournemouth,0,1,A
04/11/2017,Southampton,Burnley,0,1,A
04/11/2017,Stoke,Leicester,2,2,D
04/11/2017,Swansea,Brighton,0,1,A
04/11/2017,West Ham,Liverpool,1,4,A
05/11/2017,Chelsea,Man United,1,0,H
05/11/2017,Everton,Watford,3,2,H
05/11/2017,Man City,Arsenal,3,1,H
05/11/2017,Tottenham,Crystal Palace,1,0,H
18/11/2017,Arsenal,Tottenham,2,0,H
18/11/2017,Bournemouth,Huddersfield,4,0,H
18/11/2017,Burnley,Swansea,2,0,H
18/11/2017,Crystal Palace,Everton,2,2,D
18/11/2017,Leicester,Man City,0,2,A
18/11/2017,Liverpool,Southampton,3,0,H
18/11/2017,Man United,Newcastle,4,1,H
18/11/2017,West Brom,Chelsea,0,4,A
19/11/2017,Watford,West Ham,2,0,H
20/11/2017,Brighton,Stoke,2,2,D
24/11/2017,West Ham,Leicester,1,1,D
25/11/2017,Crystal Palace,Stoke,2,1,H
25/11/2017,Liverpool,Chelsea,1,1,D
25/11/2017,Man United,Brighton,1,0,H
25/11/2017,Newcastle,Watford,0,3,A
25/11/2017,Swansea,Bournemouth,0,0,D
25/11/2017,Tottenham,West Brom,1,1,D
26/11/2017,Burnley,Arsenal,0,1,A
26/11/2017,Huddersfield,Man City,1,2,A
26/11/2017,Southampton,Everton,4,1,H
28/11/2017,Brighton,Crystal Palace,0,0,D
28/11/2017,Leicester,Tottenham,2,1,H
28/11/2017,Watford,Man United,2,4,A
28/11/2017,West Brom,Newcastle,2,2,D
29/11/2017,Arsenal,Huddersfield,5,0,H
29/11/2017,Bournemouth,Burnley,1,2,A
29/11/2017,Chelsea,Swansea,1,0,H
29/11/2017,Everton,West Ham,4,0,H
29/11/2017,Man City,Southampton,2,1,H
29/11/2017,Stoke,Liverpool,0,3,A
02/12/2017,Arsenal,Man United,1,3,A
02/12/2017,Brighton,Liverpool,1,5,A
02/12/2017,Chelsea,Newcastle,3,1,H
02/12/2017,Everton,Huddersfield,2,0,H
02/12/2017,Leicester,Burnley,1,0,H
02/12/2017,Stoke,Swansea,2,1,H
02/12/2017,Watford,Tottenham,1,1,D
02/12/2017,West Brom,Crystal Palace,0,0,D
03/12/2017,Bournemouth,Southampton,1,1,D
03/12/2017,Man City,West Ham,2,1,H
09/12/2017,Burnley,Watford,1,0,H
09/12/2017,Crystal Palace,Bournemouth,2,2,D
09/12/2017,Huddersfield,Brighton,2,0,H
09/12/2017,Newcastle,Leicester,2,3,A
09/12/2017,Swansea,West Brom,1,0,H
09/12/2017,Tottenham,Stoke,5,1,H
09/12/2017,West Ham,Chelsea,1,0,H
10/12/2017,Liverpool,Everton,1,1,D
10/12/2017,Man United,Man City,1,2,A
10/12/2017,Southampton,Arsenal,1,1,D
12/12/2017,Burnley,Stoke,1,0,H
12/12/2017,Crystal Palace,Watford,2,1,H
12/12/2017,Huddersfield,Chelsea,1,3,A
13/12/2017,Liverpool,West Brom,0,0,D
13/12/2017,Man United,Bournemouth,1,0,H
13/12/2017,Newcastle,Everton,0,1,A
13/12/2017,Southampton,Leicester,1,4,A
13/12/2017,Swansea,Man City,0,4,A
13/12/2017,Tottenham,Brighton,2,0,H
13/12/2017,West Ham,Arsenal,0,0,D
16/12/2017,Arsenal,Newcastle,1,0,H
16/12/2017,Brighton,Burnley,0,0,D
16/12/2017,Chelsea,Southampton,1,0,H
16/12/2017,Leicester,Crystal Palace,0,3,A
16/12/2017,Man City,Tottenham,4,1,H
16/12/2017,Stoke,West Ham,0,3,A
16/12/2017,Watford,Huddersfield,1,4,A
17/12/2017,Bournemouth,Liverpool,0,4,A
17/12/2017,West Brom,Man United,1,2,A
18/12/2017,Everton,Swansea,3,1,H
22/12/2017,Arsenal,Liverpool,3,3,D
23/12/2017,Brighton,Watford,1,0,H
23/12/2017,Burnley,Tottenham,0,3,A
23/12/2017,Everton,Chelsea,0,0,D
23/12/2017,Leicester,Man United,2,2,D
23/12/2017,Man City,Bournemouth,4,0,H
23/12/2017,Southampton,Huddersfield,1,1,D
23/12/2017,Stoke,West Brom,3,1,H
23/12/2017,Swansea,Crystal Palace,1,1,D
23/12/2017,West Ham,Newcastle,2,3,A
26/12/2017,Bournemouth,West Ham,3,3,D
26/12/2017,Chelsea,Brighton,2,0,H
26/12/2017,Huddersfield,Stoke,1,1,D
26/12/2017,Liverpool,Swansea,5,0,H
26/12/2017,Man United,Burnley,2,2,D
26/12/2017,Tottenham,Southampton,5,2,H
26/12/2017,Watford,Leicester,2,1,H
26/12/2017,West Brom,Everton,0,0,D
27/12/2017,Newcastle,Man City,0,1,A
28/12/2017,Crystal Palace,Arsenal,2,3,A
30/12/2017,Bournemouth,Everton,2,1,H
30/12/2017,Chelsea,Stoke,5,0,H
30/12/2017,Huddersfield,Burnley,0,0,D
30/12/2017,Liverpool,Leicester,2,1,H
30/12/2017,Man United,Southampton,0,0,D
30/12/2017,Newcastle,Brighton,0,0,D
30/12/2017,Watford,Swansea,1,2,A
31/12/2017,Crystal Palace,Man City,0,0,D
31/12/2017,West Brom,Arsenal,1,1,D
01/01/2018,Brighton,Bournemouth,2,2,D
01/01/2018,Burnley,Liverpool,1,2,A
01/01/2018,Everton,Man United,0,2,A
01/01/2018,Leicester,Huddersfield,3,0,H
01/01/2018,Stoke,Newcastle,0,1,A
02/01/2018,Man City,Watford,3,1,H
02/01/2018,Southampton,Crystal Palace,1,2,A
02/01/2018,Swansea,Tottenham,0,2,A
02/01/2018,West Ham,West Brom,2,1,H
03/01/2018,Arsenal,Chelsea,2,2,D
04/01/2018,Tottenham,West Ham,1,1,D
13/01/2018,Chelsea,Leicester,0,0,D
13/01/2018,Crystal Palace,Burnley,1,0,H
13/01/2018,Huddersfield,West Ham,1,4,A
13/01/2018,Newcastle,Swansea,1,1,D
13/01/2018,Tottenham,Everton,4,0,H
13/01/2018,Watford,Southampton,2,2,D
13/01/2018,West Brom,Brighton,2,0,H
14/01/2018,Bournemouth,Arsenal,2,1,H
14/01/2018,Liverpool,Man City,4,3,H
15/01/2018,Man United,Stoke,3,0,H
20/01/2018,Arsenal,Crystal Palace,4,1,H
20/01/2018,Brighton,Chelsea,0,4,A
20/01/2018,Burnley,Man United,0,1,A
20/01/2018,Everton,West Brom,1,1,D
20/01/2018,Leicester,Watford,2,0,H
20/01/2018,Man City,Newcastle,3,1,H
20/01/2018,Stoke,Huddersfield,2,0,H
20/01/2018,West Ham,Bournemouth,1,1,D
21/01/2018,Southampton,Tottenham,1,1,D
22/01/2018,Swansea,Liverpool,1,0,H
30/01/2018,Huddersfield,Liverpool,0,3,A
30/01/2018,Swansea,Arsenal,3,1,H
30/01/2018,West Ham,Crystal Palace,1,1,D
31/01/2018,Chelsea,Bournemouth,0,3,A
31/01/2018,Everton,Leicester,2,1,H
31/01/2018,Man City,West Brom,3,0,H
31/01/2018,Newcastle,Burnley,1,1,D
31/01/2018,Southampton,Brighton,1,1,D
31/01/2018,Stoke,Watford,0,0,D
31/01/2018,Tottenham,Man United,2,0,H
03/02/2018,Arsenal,Everton,5,1,H
03/02/2018,Bournemouth,Stoke,2,1,H
03/02/2018,Brighton,West Ham,3,1,H
03/02/2018,Burnley,Man City,1,1,D
03/02/2018,Leicester,Swansea,1,1,D
03/02/2018,Man United,Huddersfield,2,0,H
03/02/2018,West Brom,Southampton,2,3,A
04/02/2018,Crystal Palace,Newcastle,1,1,D
04/02/2018,Liverpool,Tottenham,2,2,D
05/02/2018,Watford,Chelsea,4,1,H
10/02/2018,Everton,Crystal Palace,3,1,H
10/02/2018,Man City,Leicester,5,1,H
10/02/2018,Stoke,Brighton,1,1,D
10/02/2018,Swansea,Burnley,1,0,H
10/02/2018,Tottenham,Arsenal,1,0,H
10/02/2018,West Ham,Watford,2,0,H
11/02/2018,Huddersfield,Bournemouth,4,1,H
11/02/2018,Newcastle,Man United,1,0,H
11/02/2018,Southampton,Liverpool,0,2,A
12/02/2018,Chelsea,West Brom,3,0,H
24/02/2018,Bournemouth,Newcastle,2,2,D
24/02/2018,Brighton,Swansea,4,1,H
24/02/2018,Burnley,Southampton,1,1,D
24/02/2018,Leicester,Stoke,1,1,D
24/02/2018,Liverpool,West Ham,4,1,H
24/02/2018,Watford,Everton,1,0,H
24/02/2018,West Brom,Huddersfield,1,2,A
25/02/2018,Crystal Palace,Tottenham,0,1,A
25/02/2018,Man United,Chelsea,2,1,H
01/03/2018,Arsenal,Man City,0,3,A
03/03/2018,Burnley,Everton,2,1,H
03/03/2018,Leicester,Bournemouth,1,1,D
03/03/2018,Liverpool,Newcastle,2,0,H
03/03/2018,Southampton,Stoke,0,0,D
03/03/2018,Swansea,West Ham,4,1,H
03/03/2018,Tottenham,Huddersfield,2,0,H
03/03/2018,Watford,West Brom,1,0,H
04/03/2018,Brighton,Arsenal,2,1,H
04/03/2018,Man City,Chelsea,1,0,H
05/03/2018,Crystal Palace,Man United,2,3,A
10/03/2018,Chelsea,Crystal Palace,2,1,H
10/03/2018,Everton,Brighton,2,0,H
10/03/2018,Huddersfield,Swansea,0,0,D
10/03/2018,Man United,Liverpool,2,1,H
10/03/2018,Newcastle,Southampton,3,0,H
10/03/2018,West Brom,Leicester,1,4,A
10/03/2018,West Ham,Burnley,0,3,A
11/03/2018,Arsenal,Watford,3,0,H
11/03/2018,Bournemouth,Tottenham,1,4,A
12/03/2018,Stoke,Man City,0,2,A
17/03/2018,Bournemouth,West Brom,2,1,H
17/03/2018,Huddersfield,Crystal Palace,0,2,A
17/03/2018,Liverpool,Watford,5,0,H
17/03/2018,Stoke,Everton,1,2,A
31/03/2018,Brighton,Leicester,0,2,A
31/03/2018,Crystal Palace,Liverpool,1,2,A
31/03/2018,Everton,Man City,1,3,A
31/03/2018,Man United,Swansea,2,0,H
31/03/2018,Newcastle,Huddersfield,1,0,H
31/03/2018,Watford,Bournemouth,2,2,D
31/03/2018,West Brom,Burnley,1,2,A
31/03/2018,West Ham,Southampton,3,0,H
01/04/2018,Arsenal,Stoke,3,0,H
01/04/2018,Chelsea,Tottenham,1,3,A
07/04/2018,Bournemouth,Crystal Palace,2,2,D
07/04/2018,Brighton,Huddersfield,1,1,D
07/04/2018,Everton,Liverpool,0,0,D
07/04/2018,Leicester,Newcastle,1,2,A
07/04/2018,Man City,Man United,2,3,A
07/04/2018,Stoke,Tottenham,1,2,A
07/04/2018,Watford,Burnley,1,2,A
07/04/2018,West Brom,Swansea,1,1,D
08/04/2018,Arsenal,Southampton,3,2,H
08/04/2018,Chelsea,West Ham,1,1,D
14/04/2018,Burnley,Leicester,2,1,H
14/04/2018,Crystal Palace,Brighton,3,2,H
14/04/2018,Huddersfield,Watford,1,0,H
14/04/2018,Liverpool,Bournemouth,3,0,H
14/04/2018,Southampton,Chelsea,2,3,A
14/04/2018,Swansea,Everton,1,1,D
14/04/2018,Tottenham,Man City,1,3,A
15/04/2018,Man United,West Brom,0,1,A
15/04/2018,Newcastle,Arsenal,2,1,H
16/04/2018,West Ham,Stoke,1,1,D
17/04/2018,Brighton,Tottenham,1,1,D
18/04/2018,Bournemouth,Man United,0,2,A
19/04/2018,Burnley,Chelsea,1,2,A
19/04/2018,Leicester,Southampton,0,0,D
21/04/2018,Watford,Crystal Palace,0,0,D
21/04/2018,West Brom,Liverpool,2,2,D
22/04/2018,Arsenal,West Ham,4,1,H
22/04/2018,Man City,Swansea,5,0,H
22/04/2018,Stoke,Burnley,1,1,D
23/04/2018,Everton,Newcastle,1,0,H
28/04/2018,Burnley,Brighton,0,0,D
28/04/2018,Crystal Palace,Leicester,5,0,H
28/04/2018,Huddersfield,Everton,0,2,A
28/04/2018,Liverpool,Stoke,0,0,D
28/04/2018,Newcastle,West Brom,0,1,A
28/04/2018,Southampton,Bournemouth,2,1,H
28/04/2018,Swansea,Chelsea,0,1,A
29/04/2018,Man United,Arsenal,2,1,H
29/04/2018,West Ham,Man City,1,4,A
30/04/2018,Tottenham,Watford,2,0,H
04/05/2018,Brighton,Man United,1,0,H
05/05/2018,Bournemouth,Swansea,1,0,H
05/05/2018,Everton,Southampton,1,1,D
05/05/2018,Leicester,West Ham,0,2,A
05/05/2018,Stoke,Crystal Palace,1,2,A
05/05/2018,Watford,Newcastle,2,1,H
05/05/2018,West Brom,Tottenham,1,0,H
06/05/2018,Arsenal,Burnley,5,0,H
06/05/2018,Chelsea,Liverpool,1,0,H
06/05/2018,Man City,Huddersfield,0,0,D
08/05/2018,Swansea,Southampton,0,1,A
09/05/2018,Chelsea,Huddersfield,1,1,D
09/05/2018,Leicester,Arsenal,3,1,H
09/05/2018,Man City,Brighton,3,1,H
09/05/2018,Tottenham,Newcastle,1,0,H
10/05/2018,West Ham,Man United,0,0,D
13/05/2018,Burnley,Bournemouth,1,2,A
13/05/2018,Crystal Palace,West Brom,2,0,H
13/05/2018,Huddersfield,Arsenal,0,1,A
13/05/2018,Liverpool,Brighton,4,0,H
13/05/2018,Man United,Watford,1,0,H
13/05/2018,Newcastle,Chelsea,3,0,H
13/05/2018,Southampton,Man City,0,1,A
13/05/2018,Swansea,Stoke,1,2,A
13/05/2018,Tottenham,Leicester,5,4,H
13/05/2018,West Ham,Everton,3,1,H
10/08/2018,Man United,Leicester,2,1,H
11/08/2018,Bournemouth,Cardiff,2,0,H
11/08/2018,Fulham,Crystal Palace,0,2,A
11/08/2018,Huddersfield,Chelsea,0,3,A
11/08/2018,Newcastle,Tottenham,1,2,A
11/08/2018,Watford,Brighton,2,0,H
11/08/2018,Wolves,Everton,2,2,D
12/08/2018,Arsenal,Man City,0,2,A
12/08/2018,Liverpool,West Ham,4,0,H
12/08/2018,Southampton,Burnley,0,0,D
18/08/2018,Cardiff,Newcastle,0,0,D
18/08/2018,Chelsea,Arsenal,3,2,H
18/08/2018,Everton,Southampton,2,1,H
18/08/2018,Leicester,Wolves,2,0,H
18/08/2018,Tottenham,Fulham,3,1,H
18/08/2018,West Ham,Bournemouth,1,2,A
19/08/2018,Brighton,Man United,3,2,H
19/08/2018,Burnley,Watford,1,3,A
19/08/2018,Man City,Huddersfield,6,1,H
20/08/2018,Crystal Palace,Liverpool,0,2,A
25/08/2018,Arsenal,West Ham,3,1,H
25/08/2018,Bournemouth,Everton,2,2,D
25/08/2018,Huddersfield,Cardiff,0,0,D
25/08/2018,Liverpool,Brighton,1,0,H
25/08/2018,Southampton,Leicester,1,2,A
25/08/2018,Wolves,Man City,1,1,D
26/08/2018,Fulham,Burnley,4,2,H
26/08/2018,Newcastle,Chelsea,1,2,A
26/08/2018,Watford,Crystal Palace,2,1,H
27/08/2018,Man United,Tottenham,0,3,A
01/09/2018,Brighton,Fulham,2,2,D
01/09/2018,Chelsea,Bournemouth,2,0,H
01/09/2018,Crystal Palace,Southampton,0,2,A
01/09/2018,Everton,Huddersfield,1,1,D
01/09/2018,Leicester,Liverpool,1,2,A
01/09/2018,Man City,Newcastle,2,1,H
01/09/2018,West Ham,Wolves,0,1,A
02/09/2018,Burnley,Man United,0,2,A
02/09/2018,Cardiff,Arsenal,2,3,A
02/09/2018,Watford,Tottenham,2,1,H
15/09/2018,Bournemouth,Leicester,4,2,H
15/09/2018,Chelsea,Cardiff,4,1,H
15/09/2018,Huddersfield,Crystal Palace,0,1,A
15/09/2018,Man City,Fulham,3,0,H
15/09/2018,Newcastle,Arsenal,1,2,A
15/09/2018,Tottenham,Liverpool,1,2,A
15/09/2018,Watford,Man United,1,2,A
16/09/2018,Everton,West Ham,1,3,A
16/09/2018,Wolves,Burnley,1,0,H
17/09/2018,Southampton,Brighton,2,2,D
22/09/2018,Brighton,Tottenham,1,2,A
22/09/2018,Burnley,Bournemouth,4,0,H
22/09/2018,Cardiff,Man City,0,5,A
22/09/2018,Crystal Palace,Newcastle,0,0,D
22/09/2018,Fulham,Watford,1,1,D
22/09/2018,Leicester,Huddersfield,3,1,H
22/09/2018,Liverpool,Southampton,3,0,H
22/09/2018,Man United,Wolves,1,1,D
23/09/2018,Arsenal,Everton,2,0,H
23/09/2018,West Ham,Chelsea,0,0,D
29/09/2018,Arsenal,Watford,2,0,H
29/09/2018,Chelsea,Liverpool,1,1,D
29/09/2018,Everton,Fulham,3,0,H
29/09/2018,Huddersfield,Tottenham,0,2,A
29/09/2018,Man City,Brighton,2,0,H
29/09/2018,Newcastle,Leicester,0,2,A
29/09/2018,West Ham,Man United,3,1,H
29/09/2018,Wolves,Southampton,2,0,H
30/09/2018,Cardiff,Burnley,1,2,A
01/10/2018,Bournemouth,Crystal Palace,2,1,H
05/10/2018,Brighton,West Ham,1,0,H
06/10/2018,Burnley,Huddersfield,1,1,D
06/10/2018,Crystal Palace,Wolves,0,1,A
06/10/2018,Leicester,Everton,1,2,A
06/10/2018,Man United,Newcastle,3,2,H
06/10/2018,Tottenham,Cardiff,1,0,H
06/10/2018,Watford,Bournemouth,0,4,A
07/10/2018,Fulham,Arsenal,1,5,A
07/10/2018,Liverpool,Man City,0,0,D
07/10/2018,Southampton,Chelsea,0,3,A
20/10/2018,Bournemouth,Southampton,0,0,D
20/10/2018,Cardiff,Fulham,4,2,H
20/10/2018,Chelsea,Man United,2,2,D
20/10/2018,Huddersfield,Liverpool,0,1,A
20/10/2018,Man City,Burnley,5,0,H
20/10/2018,Newcastle,Brighton,0,1,A
20/10/2018,West Ham,Tottenham,0,1,A
20/10/2018,Wolves,Watford,0,2,A
21/10/2018,Everton,Crystal Palace,2,0,H
22/10/2018,Arsenal,Leicester,3,1,H
27/10/2018,Brighton,Wolves,1,0,H
27/10/2018,Fulham,Bournemouth,0,3,A
27/10/2018,Leicester,West Ham,1,1,D
27/10/2018,Liverpool,Cardiff,4,1,H
27/10/2018,Southampton,Newcastle,0,0,D
27/10/2018,Watford,Huddersfield,3,0,H
28/10/2018,Burnley,Chelsea,0,4,A
28/10/2018,Crystal Palace,Arsenal,2,2,D
28/10/2018,Man United,Everton,2,1,H
29/10/2018,Tottenham,Man City,0,1,A
03/11/2018,Arsenal,Liverpool,1,1,D
03/11/2018,Bournemouth,Man United,1,2,A
03/11/2018,Cardiff,Leicester,0,1,A
03/11/2018,Everton,Brighton,3,1,H
03/11/2018,Newcastle,Watford,1,0,H
03/11/2018,West Ham,Burnley,4,2,H
03/11/2018,Wolves,Tottenham,2,3,A
04/11/2018,Chelsea,Crystal Palace,3,1,H
04/11/2018,Man City,Southampton,6,1,H
05/11/2018,Huddersfield,Fulham,1,0,H
10/11/2018,Cardiff,Brighton,2,1,H
10/11/2018,Crystal Palace,Tottenham,0,1,A
10/11/2018,Huddersfield,West Ham,1,1,D
10/11/2018,Leicester,Burnley,0,0,D
10/11/2018,Newcastle,Bournemouth,2,1,H
10/11/2018,Southampton,Watford,1,1,D
11/11/2018,Arsenal,Wolves,1,1,D
11/11/2018,Chelsea,Everton,0,0,D
11/11/2018,Liverpool,Fulham,2,0,H
11/11/2018,Man City,Man United,3,1,H
24/11/2018,Brighton,Leicester,1,1,D
24/11/2018,Everton,Cardiff,1,0,H
24/11/2018,Fulham,Southampton,3,2,H
24/11/2018,Man United,Crystal Palace,0,0,D
24/11/2018,Tottenham,Chelsea,3,1,H
24/11/2018,Watford,Liverpool,0,3,A
24/11/2018,West Ham,Man City,0,4,A
25/11/2018,Bournemouth,Arsenal,1,2,A
25/11/2018,Wolves,Huddersfield,0,2,A
26/11/2018,Burnley,Newcastle,1,2,A
30/11/2018,Cardiff,Wolves,2,1,H
01/12/2018,Crystal Palace,Burnley,2,0,H
01/12/2018,Huddersfield,Brighton,1,2,A
01/12/2018,Leicester,Watford,2,0,H
01/12/2018,Man City,Bournemouth,3,1,H
01/12/2018,Newcastle,West Ham,0,3,A
01/12/2018,Southampton,Man United,2,2,D
02/12/2018,Arsenal,Tottenham,4,2,H
02/12/2018,Chelsea,Fulham,2,0,H
02/12/2018,Liverpool,Everton,1,0,H
04/12/2018,Bournemouth,Huddersfield,2,1,H
04/12/2018,Brighton,Crystal Palace,3,1,H
04/12/2018,Watford,Man City,1,2,A
04/12/2018,West Ham,Cardiff,3,1,H
05/12/2018,Burnley,Liverpool,1,3,A
05/12/2018,Everton,Newcastle,1,1,D
05/12/2018,Fulham,Leicester,1,1,D
05/12/2018,Man United,Arsenal,2,2,D
05/12/2018,Tottenham,Southampton,3,1,H
05/12/2018,Wolves,Chelsea,2,1,H
08/12/2018,Arsenal,Huddersfield,1,0,H
08/12/2018,Bournemouth,Liverpool,0,4,A
08/12/2018,Burnley,Brighton,1,0,H
08/12/2018,Cardiff,Southampton,1,0,H
08/12/2018,Chelsea,Man City,2,0,H
08/12/2018,Leicester,Tottenham,0,2,A
08/12/2018,Man United,Fulham,4,1,H
08/12/2018,West Ham,Crystal Palace,3,2,H
09/12/2018,Newcastle,Wolves,1,2,A
10/12/2018,Everton,Watford,2,2,D
15/12/2018,Crystal Palace,Leicester,1,0,H
15/12/2018,Fulham,West Ham,0,2,A
15/12/2018,Huddersfield,Newcastle,0,1,A
15/12/2018,Man City,Everton,3,1,H
15/12/2018,Tottenham,Burnley,1,0,H
15/12/2018,Watford,Cardiff,3,2,H
15/12/2018,Wolves,Bournemouth,2,0,H
16/12/2018,Brighton,Chelsea,1,2,A
16/12/2018,Liverpool,Man United,3,1,H
16/12/2018,Southampton,Arsenal,3,2,H
21/12/2018,Wolves,Liverpool,0,2,A
22/12/2018,Arsenal,Burnley,3,1,H
22/12/2018,Bournemouth,Brighton,2,0,H
22/12/2018,Cardiff,Man United,1,5,A
22/12/2018,Chelsea,Leicester,0,1,A
22/12/2018,Huddersfield,Southampton,1,3,A
22/12/2018,Man City,Crystal Palace,2,3,A
22/12/2018,Newcastle,Fulham,0,0,D
22/12/2018,West Ham,Watford,0,2,A
23/12/2018,Everton,Tottenham,2,6,A
26/12/2018,Brighton,Arsenal,1,1,D
26/12/2018,Burnley,Everton,1,5,A
26/12/2018,Crystal Palace,Cardiff,0,0,D
26/12/2018,Fulham,Wolves,1,1,D
26/12/2018,Leicester,Man City,2,1,H
26/12/2018,Liverpool,Newcastle,4,0,H
26/12/2018,Man United,Huddersfield,3,1,H
26/12/2018,Tottenham,Bournemouth,5,0,H
26/12/2018,Watford,Chelsea,1,2,A
27/12/2018,Southampton,West Ham,1,2,A
29/12/2018,Brighton,Everton,1,0,H
29/12/2018,Fulham,Huddersfield,1,0,H
29/12/2018,Leicester,Cardiff,0,1,A
29/12/2018,Liverpool,Arsenal,5,1,H
29/12/2018,Tottenham,Wolves,1,3,A
29/12/2018,Watford,Newcastle,1,1,D
30/12/2018,Burnley,West Ham,2,0,H
30/12/2018,Crystal Palace,Chelsea,0,1,A
30/12/2018,Man United,Bournemouth,4,1,H
30/12/2018,Southampton,Man City,1,3,A
01/01/2019,Arsenal,Fulham,4,1,H
01/01/2019,Cardiff,Tottenham,0,3,A
01/01/2019,Everton,Leicester,0,1,A
02/01/2019,Bournemouth,Watford,3,3,D
02/01/2019,Chelsea,Southampton,0,0,D
02/01/2019,Huddersfield,Burnley,1,2,A
02/01/2019,Newcastle,Man United,0,2,A
02/01/2019,West Ham,Brighton,2,2,D
02/01/2019,Wolves,Crystal Palace,0,2,A
03/01/2019,Man City,Liverpool,2,1,H
12/01/2019,Brighton,Liverpool,0,1,A
12/01/2019,Burnley,Fulham,2,1,H
12/01/2019,Cardiff,Huddersfield,0,0,D
12/01/2019,Chelsea,Newcastle,2,1,H
12/01/2019,Crystal Palace,Watford,1,2,A
12/01/2019,Leicester,Southampton,1,2,A
12/01/2019,West Ham,Arsenal,1,0,H
13/01/2019,Everton,Bournemouth,2,0,H
13/01/2019,Tottenham,Man United,0,1,A
14/01/2019,Man City,Wolves,3,0,H
19/01/2019,Arsenal,Chelsea,2,0,H
19/01/2019,Bournemouth,West Ham,2,0,H
19/01/2019,Liverpool,Crystal Palace,4,3,H
19/01/2019,Man United,Brighton,2,1,H
19/01/2019,Newcastle,Cardiff,3,0,H
19/01/2019,Southampton,Everton,2,1,H
19/01/2019,Watford,Burnley,0,0,D
19/01/2019,Wolves,Leicester,4,3,H
20/01/2019,Fulham,Tottenham,1,2,A
20/01/2019,Huddersfield,Man City,0,3,A
29/01/2019,Arsenal,Cardiff,2,1,H
29/01/2019,Fulham,Brighton,4,2,H
29/01/2019,Huddersfield,Everton,0,1,A
29/01/2019,Man United,Burnley,2,2,D
29/01/2019,Newcastle,Man City,2,1,H
29/01/2019,Wolves,West Ham,3,0,H
30/01/2019,Bournemouth,Chelsea,4,0,H
30/01/2019,Liverpool,Leicester,1,1,D
30/01/2019,Southampton,Crystal Palace,1,1,D
30/01/2019,Tottenham,Watford,2,1,H
02/02/2019,Brighton,Watford,0,0,D
02/02/2019,Burnley,Southampton,1,1,D
02/02/2019,Cardiff,Bournemouth,2,0,H
02/02/2019,Chelsea,Huddersfield,5,0,H
02/02/2019,Crystal Palace,Fulham,2,0,H
02/02/2019,Everton,Wolves,1,3,A
02/02/2019,Tottenham,Newcastle,1,0,H
03/02/2019,Leicester,Man United,0,1,A
03/02/2019,Man City,Arsenal,3,1,H
04/02/2019,West Ham,Liverpool,1,1,D
06/02/2019,Everton,Man City,0,2,A
09/02/2019,Brighton,Burnley,1,3,A
09/02/2019,Crystal Palace,West Ham,1,1,D
09/02/2019,Fulham,Man United,0,3,A
09/02/2019,Huddersfield,Arsenal,1,2,A
09/02/2019,Liverpool,Bournemouth,3,0,H
09/02/2019,Southampton,Cardiff,1,2,A
09/02/2019,Watford,Everton,1,0,H
10/02/2019,Man City,Chelsea,6,0,H
10/02/2019,Tottenham,Leicester,3,1,H
11/02/2019,Wolves,Newcastle,1,1,D
22/02/2019,Cardiff,Watford,1,5,A
22/02/2019,West Ham,Fulham,3,1,H
23/02/2019,Bournemouth,Wolves,1,1,D
23/02/2019,Burnley,Tottenham,2,1,H
23/02/2019,Leicester,Crystal Palace,1,4,A
23/02/2019,Newcastle,Huddersfield,2,0,H
24/02/2019,Arsenal,Southampton,2,0,H
24/02/2019,Man United,Liverpool,0,0,D
26/02/2019,Cardiff,Everton,0,3,A
26/02/2019,Huddersfield,Wolves,1,0,H
26/02/2019,Leicester,Brighton,2,1,H
26/02/2019,Newcastle,Burnley,2,0,H
27/02/2019,Arsenal,Bournemouth,5,1,H
27/02/2019,Chelsea,Tottenham,2,0,H
27/02/2019,Crystal Palace,Man United,1,3,A
27/02/2019,Liverpool,Watford,5,0,H
27/02/2019,Man City,West Ham,1,0,H
27/02/2019,Southampton,Fulham,2,0,H
02/03/2019,Bournemouth,Man City,0,1,A
02/03/2019,Brighton,Huddersfield,1,0,H
02/03/2019,Burnley,Crystal Palace,1,3,A
02/03/2019,Man United,Southampton,3,2,H
02/03/2019,Tottenham,Arsenal,1,1,D
02/03/2019,West Ham,Newcastle,2,0,H
02/03/2019,Wolves,Cardiff,2,0,H
03/03/2019,Everton,Liverpool,0,0,D
03/03/2019,Fulham,Chelsea,1,2,A
03/03/2019,Watford,Leicester,2,1,H
09/03/2019,Cardiff,West Ham,2,0,H
09/03/2019,Crystal Palace,Brighton,1,2,A
09/03/2019,Huddersfield,Bournemouth,0,2,A
09/03/2019,Leicester,Fulham,3,1,H
09/03/2019,Man City,Watford,3,1,H
09/03/2019,Newcastle,Everton,3,2,H
09/03/2019,Southampton,Tottenham,2,1,H
10/03/2019,Arsenal,Man United,2,0,H
10/03/2019,Chelsea,Wolves,1,1,D
10/03/2019,Liverpool,Burnley,4,2,H
16/03/2019,Bournemouth,Newcastle,2,2,D
16/03/2019,Burnley,Leicester,1,2,A
16/03/2019,West Ham,Huddersfield,4,3,H
17/03/2019,Everton,Chelsea,2,0,H
17/03/2019,Fulham,Liverpool,1,2,A
30/03/2019,Brighton,Southampton,0,1,A
30/03/2019,Burnley,Wolves,2,0,H
30/03/2019,Crystal Palace,Huddersfield,2,0,H
30/03/2019,Fulham,Man City,0,2,A
30/03/2019,Leicester,Bournemouth,2,0,H
30/03/2019,Man United,Watford,2,1,H
30/03/2019,West Ham,Everton,0,2,A
31/03/2019,Cardiff,Chelsea,1,2,A
31/03/2019,Liverpool,Tottenham,2,1,H
01/04/2019,Arsenal,Newcastle,2,0,H
02/04/2019,Watford,Fulham,4,1,H
02/04/2019,Wolves,Man United,2,1,H
03/04/2019,Chelsea,Brighton,3,0,H
03/04/2019,Man City,Cardiff,2,0,H
03/04/2019,Tottenham,Crystal Palace,2,0,H
05/04/2019,Southampton,Liverpool,1,3,A
06/04/2019,Bournemouth,Burnley,1,3,A
06/04/2019,Huddersfield,Leicester,1,4,A
06/04/2019,Newcastle,Crystal Palace,0,1,A
07/04/2019,Everton,Arsenal,1,0,H
08/04/2019,Chelsea,West Ham,2,0,H
12/04/2019,Leicester,Newcastle,0,1,A
13/04/2019,Brighton,Bournemouth,0,5,A
13/04/2019,Burnley,Cardiff,2,0,H
13/04/2019,Fulham,Everton,2,0,H
13/04/2019,Man United,West Ham,2,1,H
13/04/2019,Southampton,Wolves,3,1,H
13/04/2019,Tottenham,Huddersfield,4,0,H
14/04/2019,Crystal Palace,Man City,1,3,A
14/04/2019,Liverpool,Chelsea,2,0,H
15/04/2019,Watford,Arsenal,0,1,A
16/04/2019,Brighton,Cardiff,0,2,A
20/04/2019,Bournemouth,Fulham,0,1,A
20/04/2019,Huddersfield,Watford,1,2,A
20/04/2019,Man City,Tottenham,1,0,H
20/04/2019,Newcastle,Southampton,3,1,H
20/04/2019,West Ham,Leicester,2,2,D
20/04/2019,Wolves,Brighton,0,0,D
21/04/2019,Arsenal,Crystal Palace,2,3,A
21/04/2019,Cardiff,Liverpool,0,2,A
21/04/2019,Everton,Man United,4,0,H
22/04/2019,Chelsea,Burnley,2,2,D
23/04/2019,Tottenham,Brighton,1,0,H
23/04/2019,Watford,Southampton,1,1,D
24/04/2019,Man United,Man City,0,2,A
24/04/2019,Wolves,Arsenal,3,1,H
26/04/2019,Liverpool,Huddersfield,5,0,H
27/04/2019,Brighton,Newcastle,1,1,D
27/04/2019,Crystal Palace,Everton,0,0,D
27/04/2019,Fulham,Cardiff,1,0,H
27/04/2019,Southampton,Bournemouth,3,3,D
27/04/2019,Tottenham,West Ham,0,1,A
27/04/2019,Watford,Wolves,1,2,A
28/04/2019,Burnley,Man City,0,1,A
28/04/2019,Leicester,Arsenal,3,0,H
28/04/2019,Man United,Chelsea,1,1,D
03/05/2019,Everton,Burnley,2,0,H
04/05/2019,Bournemouth,Tottenham,1,0,H
04/05/2019,Cardiff,Crystal Palace,2,3,A
04/05/2019,Newcastle,Liverpool,2,3,A
04/05/2019,West Ham,Southampton,3,0,H
04/05/2019,Wolves,Fulham,1,0,H
05/05/2019,Arsenal,Brighton,1,1,D
05/05/2019,Chelsea,Watford,3,0,H
05/05/2019,Huddersfield,Man United,1,1,D
06/05/2019,Man City,Leicester,1,0,H
12/05/2019,Brighton,Man City,1,4,A
12/05/2019,Burnley,Arsenal,1,3,A
12/05/2019,Crystal Palace,Bournemouth,5,3,H
12/05/2019,Fulham,Newcastle,0,4,A
12/05/2019,Leicester,Chelsea,0,0,D
12/05/2019,Liverpool,Wolves,2,0,H
12/05/2019,Man United,Cardiff,0,2,A
12/05/2019,Southampton,Huddersfield,1,1,D
12/05/2019,Tottenham,Everton,2,2,D
12/05/2019,Watford,West Ham,1,4,A
09/08/2019,Liverpool,Norwich,4,1,H
10/08/2019,West Ham,Man City,0,5,A
10/08/2019,Bournemouth,Sheffield United,1,1,D
10/08/2019,Burnley,Southampton,3,0,H
10/08/2019,Crystal Palace,Everton,0,0,D
10/08/2019,Watford,Brighton,0,3,A
10/08/2019,Tottenham,Aston Villa,3,1,H
11/08/2019,Leicester,Wolves,0,0,D
11/08/2019,Newcastle,Arsenal,0,1,A
11/08/2019,Man United,Chelsea,4,0,H
17/08/2019,Arsenal,Burnley,2,1,H
17/08/2019,Aston Villa,Bournemouth,1,2,A
17/08/2019,Brighton,West Ham,1,1,D
17/08/2019,Everton,Watford,1,0,H
17/08/2019,Norwich,Newcastle,3,1,H
17/08/2019,Southampton,Liverpool,1,2,A
17/08/2019,Man City,Tottenham,2,2,D
18/08/2019,Sheffield United,Crystal Palace,1,0,H
18/08/2019,Chelsea,Leicester,1,1,D
19/08/2019,Wolves,Man United,1,1,D
23/08/2019,Aston Villa,Everton,2,0,H
24/08/2019,Norwich,Chelsea,2,3,A
24/08/2019,Brighton,Southampton,0,2,A
24/08/2019,Man United,Crystal Palace,1,2,A
24/08/2019,Sheffield United,Leicester,1,2,A
24/08/2019,Watford,West Ham,1,3,A
24/08/2019,Liverpool,Arsenal,3,1,H
25/08/2019,Bournemouth,Man City,1,3,A
25/08/2019,Tottenham,Newcastle,0,1,A
25/08/2019,Wolves,Burnley,1,1,D
31/08/2019,Southampton,Man United,1,1,D
31/08/2019,Chelsea,Sheffield United,2,2,D
31/08/2019,Crystal Palace,Aston Villa,1,0,H
31/08/2019,Leicester,Bournemouth,3,1,H
31/08/2019,Man City,Brighton,4,0,H
31/08/2019,Newcastle,Watford,1,1,D
31/08/2019,West Ham,Norwich,2,0,H
31/08/2019,Burnley,Liverpool,0,3,A
01/09/2019,Everton,Wolves,3,2,H
01/09/2019,Arsenal,Tottenham,2,2,D
14/09/2019,Liverpool,Newcastle,3,1,H
14/09/2019,Brighton,Burnley,1,1,D
14/09/2019,Man United,Leicester,1,0,H
14/09/2019,Sheffield United,Southampton,0,1,A
14/09/2019,Tottenham,Crystal Palace,4,0,H
14/09/2019,Wolves,Chelsea,2,5,A
14/09/2019,Norwich,Man City,3,2,H
15/09/2019,Bournemouth,Everton,3,1,H
15/09/2019,Watford,Arsenal,2,2,D
16/09/2019,Aston Villa,West Ham,0,0,D
20/09/2019,Southampton,Bournemouth,1,3,A
21/09/2019,Leicester,Tottenham,2,1,H
21/09/2019,Burnley,Norwich,2,0,H
21/09/2019,Everton,Sheffield United,0,2,A
21/09/2019,Man City,Watford,8,0,H
21/09/2019,Newcastle,Brighton,0,0,D
22/09/2019,Crystal Palace,Wolves,1,1,D
22/09/2019,West Ham,Man United,2,0,H
22/09/2019,Arsenal,Aston Villa,3,2,H
22/09/2019,Chelsea,Liverpool,1,2,A
28/09/2019,Sheffield United,Liverpool,0,1,A
28/09/2019,Aston Villa,Burnley,2,2,D
28/09/2019,Bournemouth,West Ham,2,2,D
28/09/2019,Chelsea,Brighton,2,0,H
28/09/2019,Crystal Palace,Norwich,2,0,H
28/09/2019,Tottenham,Southampton,2,1,H
28/09/2019,Wolves,Watford,2,0,H
28/09/2019,Everton,Man City,1,3,A
29/09/2019,Leicester,Newcastle,5,0,H
30/09/2019,Man United,Arsenal,1,1,D
05/10/2019,Brighton,Tottenham,3,0,H
05/10/2019,Burnley,Everton,1,0,H
05/10/2019,Liverpool,Leicester,2,1,H
05/10/2019,Norwich,Aston Villa,1,5,A
05/10/2019,Watford,Sheffield United,0,0,D
05/10/2019,West Ham,Crystal Palace,1,2,A
06/10/2019,Arsenal,Bournemouth,1,0,H
06/10/2019,Man City,Wolves,0,2,A
06/10/2019,Southampton,Chelsea,1,4,A
06/10/2019,Newcastle,Man United,1,0,H
19/10/2019,Everton,West Ham,2,0,H
19/10/2019,Aston Villa,Brighton,2,1,H
19/10/2019,Bournemouth,Norwich,0,0,D
19/10/2019,Chelsea,Newcastle,1,0,H
19/10/2019,Leicester,Burnley,2,1,H
19/10/2019,Tottenham,Watford,1,1,D
19/10/2019,Wolves,Southampton,1,1,D
19/10/2019,Crystal Palace,Man City,0,2,A
20/10/2019,Man United,Liverpool,1,1,D
21/10/2019,Sheffield United,Arsenal,1,0,H
25/10/2019,Southampton,Leicester,0,9,A
26/10/2019,Man City,Aston Villa,3,0,H
26/10/2019,Brighton,Everton,3,2,H
26/10/2019,Watford,Bournemouth,0,0,D
26/10/2019,West Ham,Sheffield United,1,1,D
26/10/2019,Burnley,Chelsea,2,4,A
27/10/2019,Newcastle,Wolves,1,1,D
27/10/2019,Arsenal,Crystal Palace,2,2,D
27/10/2019,Liverpool,Tottenham,2,1,H
27/10/2019,Norwich,Man United,1,3,A
02/11/2019,Bournemouth,Man United,1,0,H
02/11/2019,Arsenal,Wolves,1,1,D
02/11/2019,Aston Villa,Liverpool,1,2,A
02/11/2019,Brighton,Norwich,2,0,H
02/11/2019,Man City,Southampton,2,1,H
02/11/2019,Sheffield United,Burnley,3,0,H
02/11/2019,West Ham,Newcastle,2,3,A
02/11/2019,Watford,Chelsea,1,2,A
03/11/2019,Crystal Palace,Leicester,0,2,A
03/11/2019,Everton,Tottenham,1,1,D
08/11/2019,Norwich,Watford,0,2,A
09/11/2019,Chelsea,Crystal Palace,2,0,H
09/11/2019,Burnley,West Ham,3,0,H
09/11/2019,Newcastle,Bournemouth,2,1,H
09/11/2019,Southampton,Everton,1,2,A
09/11/2019,Tottenham,Sheffield United,1,1,D
09/11/2019,Leicester,Arsenal,2,0,H
10/11/2019,Man United,Brighton,3,1,H
10/11/2019,Wolves,Aston Villa,2,1,H
10/11/2019,Liverpool,Man City,3,1,H
23/11/2019,West Ham,Tottenham,2,3,A
23/11/2019,Arsenal,Southampton,2,2,D
23/11/2019,Bournemouth,Wolves,1,2,A
23/11/2019,Brighton,Leicester,0,2,A
23/11/2019,Crystal Palace,Liverpool,1,2,A
23/11/2019,Everton,Norwich,0,2,A
23/11/2019,Watford,Burnley,0,3,A
23/11/2019,Man City,Chelsea,2,1,H
24/11/2019,Sheffield United,Man United,3,3,D
25/11/2019,Aston Villa,Newcastle,2,0,H
30/11/2019,Newcastle,Man City,2,2,D
30/11/2019,Burnley,Crystal Palace,0,2,A
30/11/2019,Chelsea,West Ham,0,1,A
30/11/2019,Liverpool,Brighton,2,1,H
30/11/2019,Tottenham,Bournemouth,3,2,H
30/11/2019,Southampton,Watford,2,1,H
01/12/2019,Norwich,Arsenal,2,2,D
01/12/2019,Wolves,Sheffield United,1,1,D
01/12/2019,Leicester,Everton,2,1,H
01/12/2019,Man United,Aston Villa,2,2,D
03/12/2019,Crystal Palace,Bournemouth,1,0,H
03/12/2019,Burnley,Man City,1,4,A
04/12/2019,Chelsea,Aston Villa,2,1,H
04/12/2019,Leicester,Watford,2,0,H
04/12/2019,Man United,Tottenham,2,1,H
04/12/2019,Southampton,Norwich,2,1,H
04/12/2019,Wolves,West Ham,2,0,H
04/12/2019,Liverpool,Everton,5,2,H
05/12/2019,Sheffield United,Newcastle,0,2,A
05/12/2019,Arsenal,Brighton,1,2,A
07/12/2019,Everton,Chelsea,3,1,H
07/12/2019,Bournemouth,Liverpool,0,3,A
07/12/2019,Tottenham,Burnley,5,0,H
07/12/2019,Watford,Crystal Palace,0,0,D
07/12/2019,Man City,Man United,1,2,A
08/12/2019,Aston Villa,Leicester,1,4,A
08/12/2019,Newcastle,Southampton,2,1,H
08/12/2019,Norwich,Sheffield United,1,2,A
08/12/2019,Brighton,Wolves,2,2,D
09/12/2019,West Ham,Arsenal,1,3,A
14/12/2019,Liverpool,Watford,2,0,H
14/12/2019,Burnley,Newcastle,1,0,H
14/12/2019,Chelsea,Bournemouth,0,1,A
14/12/2019,Leicester,Norwich,1,1,D
14/12/2019,Sheffield United,Aston Villa,2,0,H
14/12/2019,Southampton,West Ham,0,1,A
15/12/2019,Man United,Everton,1,1,D
15/12/2019,Wolves,Tottenham,1,2,A
15/12/2019,Arsenal,Man City,0,3,A
16/12/2019,Crystal Palace,Brighton,1,1,D
21/12/2019,Everton,Arsenal,0,0,D
21/12/2019,Aston Villa,Southampton,1,3,A
21/12/2019,Bournemouth,Burnley,0,1,A
21/12/2019,Brighton,Sheffield United,0,1,A
21/12/2019,Newcastle,Crystal Palace,1,0,H
21/12/2019,Norwich,Wolves,1,2,A
21/12/2019,Man City,Leicester,3,1,H
22/12/2019,Watford,Man United,2,0,H
22/12/2019,Tottenham,Chelsea,0,2,A
26/12/2019,Tottenham,Brighton,2,1,H
26/12/2019,Aston Villa,Norwich,1,0,H
26/12/2019,Bournemouth,Arsenal,1,1,D
26/12/2019,Chelsea,Southampton,0,2,A
26/12/2019,Crystal Palace,West Ham,2,1,H
26/12/2019,Everton,Burnley,1,0,H
26/12/2019,Sheffield United,Watford,1,1,D
26/12/2019,Man United,Newcastle,4,1,H
26/12/2019,Leicester,Liverpool,0,4,A
27/12/2019,Wolves,Man City,3,2,H
28/12/2019,Brighton,Bournemouth,2,0,H
28/12/2019,Newcastle,Everton,1,2,A
28/12/2019,Southampton,Crystal Palace,1,1,D
28/12/2019,Watford,Aston Villa,3,0,H
28/12/2019,Norwich,Tottenham,2,2,D
28/12/2019,West Ham,Leicester,1,2,A
28/12/2019,Burnley,Man United,0,2,A
29/12/2019,Arsenal,Chelsea,1,2,A
29/12/2019,Liverpool,Wolves,1,0,H
29/12/2019,Man City,Sheffield United,2,0,H
01/01/2020,Brighton,Chelsea,1,1,D
01/01/2020,Burnley,Aston Villa,1,2,A
01/01/2020,Newcastle,Leicester,0,3,A
01/01/2020,Southampton,Tottenham,1,0,H
01/01/2020,Watford,Wolves,2,1,H
01/01/2020,Man City,Everton,2,1,H
01/01/2020,Norwich,Crystal Palace,1,1,D
01/01/2020,West Ham,Bournemouth,4,0,H
01/01/2020,Arsenal,Man United,2,0,H
02/01/2020,Liverpool,Sheffield United,2,0,H
10/01/2020,Sheffield United,West Ham,1,0,H
11/01/2020,Crystal Palace,Arsenal,1,1,D
11/01/2020,Chelsea,Burnley,3,0,H
11/01/2020,Everton,Brighton,1,0,H
11/01/2020,Leicester,Southampton,1,2,A
11/01/2020,Man United,Norwich,4,0,H
11/01/2020,Wolves,Newcastle,1,1,D
11/01/2020,Tottenham,Liverpool,0,1,A
12/01/2020,Bournemouth,Watford,0,3,A
12/01/2020,Aston Villa,Man City,1,6,A
18/01/2020,Watford,Tottenham,0,0,D
18/01/2020,Arsenal,Sheffield United,1,1,D
18/01/2020,Brighton,Aston Villa,1,1,D
18/01/2020,Man City,Crystal Palace,2,2,D
18/01/2020,Norwich,Bournemouth,1,0,H
18/01/2020,Southampton,Wolves,2,3,A
18/01/2020,West Ham,Everton,1,1,D
18/01/2020,Newcastle,Chelsea,1,0,H
19/01/2020,Burnley,Leicester,2,1,H
19/01/2020,Liverpool,Man United,2,0,H
21/01/2020,Aston Villa,Watford,2,1,H
21/01/2020,Bournemouth,Brighton,3,1,H
21/01/2020,Crystal Palace,Southampton,0,2,A
21/01/2020,Everton,Newcastle,2,2,D
21/01/2020,Sheffield United,Man City,0,1,A
21/01/2020,Chelsea,Arsenal,2,2,D
22/01/2020,Leicester,West Ham,4,1,H
22/01/2020,Tottenham,Norwich,2,1,H
22/01/2020,Man United,Burnley,0,2,A
23/01/2020,Wolves,Liverpool,1,2,A
29/01/2020,West Ham,Liverpool,0,2,A
01/02/2020,Leicester,Chelsea,2,2,D
01/02/2020,Bournemouth,Aston Villa,2,1,H
01/02/2020,Crystal Palace,Sheffield United,0,1,A
01/02/2020,Liverpool,Southampton,4,0,H
01/02/2020,Newcastle,Norwich,0,0,D
01/02/2020,Watford,Everton,2,3,A
01/02/2020,West Ham,Brighton,3,3,D
01/02/2020,Man United,Wolves,0,0,D
02/02/2020,Burnley,Arsenal,0,0,D
02/02/2020,Tottenham,Man City,2,0,H
08/02/2020,Everton,Crystal Palace,3,1,H
08/02/2020,Brighton,Watford,1,1,D
09/02/2020,Sheffield United,Bournemouth,2,1,H
14/02/2020,Wolves,Leicester,0,0,D
15/02/2020,Southampton,Burnley,1,2,A
15/02/2020,Norwich,Liverpool,0,1,A
16/02/2020,Aston Villa,Tottenham,2,3,A
16/02/2020,Arsenal,Newcastle,4,0,H
17/02/2020,Chelsea,Man United,0,2,A
19/02/2020,Man City,West Ham,2,0,H
22/02/2020,Chelsea,Tottenham,2,1,H
22/02/2020,Burnley,Bournemouth,3,0,H
22/02/2020,Crystal Palace,Newcastle,1,0,H
22/02/2020,Sheffield United,Brighton,1,1,D
22/02/2020,Southampton,Aston Villa,2,0,H
22/02/2020,Leicester,Man City,0,1,A
23/02/2020,Man United,Watford,3,0,H
23/02/2020,Wolves,Norwich,3,0,H
23/02/2020,Arsenal,Everton,3,2,H
24/02/2020,Liverpool,West Ham,3,2,H
28/02/2020,Norwich,Leicester,1,0,H
29/02/2020,Brighton,Crystal Palace,0,1,A
29/02/2020,Bournemouth,Chelsea,2,2,D
29/02/2020,Newcastle,Burnley,0,0,D
29/02/2020,West Ham,Southampton,3,1,H
29/02/2020,Watford,Liverpool,3,0,H
01/03/2020,Everton,Man United,1,1,D
01/03/2020,Tottenham,Wolves,2,3,A
07/03/2020,Liverpool,Bournemouth,2,1,H
07/03/2020,Arsenal,West Ham,1,0,H
07/03/2020,Crystal Palace,Watford,1,0,H
07/03/2020,Sheffield United,Norwich,1,0,H
07/03/2020,Southampton,Newcastle,0,1,A
07/03/2020,Wolves,Brighton,0,0,D
07/03/2020,Burnley,Tottenham,1,1,D
08/03/2020,Chelsea,Everton,4,0,H
08/03/2020,Man United,Man City,2,0,H
09/03/2020,Leicester,Aston Villa,4,0,H
