<?xml version="1.0" encoding="UTF-8"?>
<project-private xmlns="http://www.netbeans.org/ns/project-private/1">
    <editor-bookmarks xmlns="http://www.netbeans.org/ns/editor-bookmarks/2" lastBookmarkId="0"/>
    <open-files xmlns="http://www.netbeans.org/ns/projectui-open-files/2">
        <group>
            <file>file:/C:/Users/v_lon/Desktop/RankingSystem/src/System/RankingSystem.java</file>
            <file>file:/C:/Users/v_lon/Desktop/RankingSystem/src/System/Match.java</file>
            <file>file:/C:/Users/v_lon/Desktop/RankingSystem/src/System/TeamList.java</file>
            <file>file:/C:/Users/v_lon/Desktop/RankingSystem/src/System/Team.java</file>
            <file>file:/C:/Users/v_lon/Desktop/RankingSystem/src/System/DataReader.java</file>
        </group>
    </open-files>
</project-private>
